model,precision,recall,f1-score
rbf,0.30052860696517414,0.9297739297739298,0.4542356949829633,
poly,0.4935695913118034,0.8306878306878307,0.6192183578343493
linear,0.1437355324074074,0.9557479557479558,0.24988995786958434