,precision,recall,f1-score,support
pseudo donor,0.9992639915211823,0.910186705996715,0.9526475881740009,149165.0
real donor,0.12870707596253902,0.9518999518999519,0.2267545116012604,2079.0
accuracy,0.9107600962682817,0.9107600962682817,0.9107600962682817,0.9107600962682817
macro avg,0.5639855337418607,0.9310433289483335,0.5897010498876306,151244.0
weighted avg,0.9872973162980566,0.9107600962682817,0.9426694620586195,151244.0
