,precision,recall,f1-score,support
pseudo donor,0.9925345751245905,0.9973653336908792,0.9949440907388583,149165.0
real donor,0.7095343680709535,0.46176046176046176,0.5594405594405595,2079.0
accuracy,0.9900029092063156,0.9900029092063156,0.9900029092063156,0.9900029092063156
macro avg,0.851034471597772,0.7295628977256705,0.7771923250897088,151244.0
weighted avg,0.9886444543233388,0.9900029092063156,0.9889576592667393,151244.0
