,precision,recall,f1-score,support
pseudo donor,0.9988256839691881,0.9579593068078973,0.9779657594951868,149165.0
real donor,0.2335614764116353,0.9191919191919192,0.37247831595361075,2079.0
accuracy,0.9574264103038799,0.9574264103038799,0.9574264103038799,0.9574264103038799
macro avg,0.6161935801904117,0.9385756129999083,0.6752220377243988,151244.0
weighted avg,0.9883063622935373,0.9574264103038799,0.9696427291923454,151244.0
