Threshold,TP,FP,TN,FN,Sn,Sp,Precision,FPR,Acc
-4.0,2079,145984,2737641,0,1.0,0.9493748320256622,0.014041320248813004,0.050625167974337804,0.9494113048323737
