model,precision,recall,f1-score
rbf,0.22491850778703368,0.8961038961038961,0.3595830920671685
poly,0.19018525817895152,0.9283309283309283,0.31569477386112704
linear,0.11528923236634177,0.9615199615199616,0.20589144093109485