,precision,recall,f1-score,support
pseudo donor,0.9989446545691499,0.944939868011122,0.9711920837622788,149255.0
real donor,0.19018525817895152,0.9283309283309283,0.31569477386112704,2079.0
accuracy,0.9447116973052982,0.9447116973052982,0.9447116973052982,0.9447116973052982
macro avg,0.5945649563740507,0.9366353981710251,0.6434434288117029,151334.0
weighted avg,0.9878340595601287,0.9447116973052982,0.9621869764679202,151334.0
