,precision,recall,f1-score,support
pseudo donor,0.9984900490035022,0.9569863656158922,0.9772977633028402,149255.0
real donor,0.22491850778703368,0.8961038961038961,0.3595830920671685,2079.0
accuracy,0.9561499729076084,0.9561499729076084,0.9561499729076084,0.9561499729076084
macro avg,0.611704278395268,0.9265451308598942,0.6684404276850043,151334.0
weighted avg,0.9878628585889951,0.9561499729076084,0.9688117072843713,151334.0
