,precision,recall,f1-score,support
pseudo donor,0.986254000158684,1.0,0.9930794350368998,149165.0
real donor,0.0,0.0,0.0,2079.0
accuracy,0.986254000158684,0.986254000158684,0.986254000158684,0.986254000158684
macro avg,0.493127000079342,0.5,0.4965397175184499,151244.0
weighted avg,0.9726969528290055,0.986254000158684,0.9794285652804683,151244.0
