,precision,recall,f1-score,support
pseudo donor,0.9992500220581748,0.9110850400563135,0.9531330544343881,149165.0
real donor,0.1297244094488189,0.950937950937951,0.22830417460592414,2079.0
accuracy,0.9116328581629685,0.9116328581629685,0.9116328581629685,0.9116328581629685
macro avg,0.5644872157534968,0.9310114954971322,0.5907186145201562,151244.0
weighted avg,0.9872975231252263,0.9116328581629685,0.9431695567672848,151244.0
